{"initial_reset_timestamp": 1529687260.4145215, "timestamps": [1529687265.1739557, 1529687270.0128748, 1529687273.1267405, 1529687276.2763982, 1529687279.5634277, 1529687282.8530464, 1529687286.1226957, 1529687289.3782473, 1529687294.1801593, 1529687297.4783597, 1529687300.6588185, 1529687303.6866713, 1529687306.7129366, 1529687309.7018652, 1529687312.708274, 1529687315.717482, 1529687318.9016845, 1529687322.1267014, 1529687325.4064062, 1529687328.6474857, 1529687331.9098754, 1529687335.162438, 1529687338.377671, 1529687341.5914772, 1529687344.7877576, 1529687347.9999063, 1529687351.2435398, 1529687356.0396225, 1529687359.268484, 1529687362.5694182, 1529687365.9398623, 1529687369.283741, 1529687372.5527256, 1529687375.854878, 1529687379.1228402, 1529687382.4289544, 1529687385.698472, 1529687389.0312495, 1529687392.2772343, 1529687395.551285, 1529687398.8153872, 1529687402.1001692, 1529687405.3728974, 1529687408.6289785, 1529687411.9046316, 1529687415.2259817, 1529687418.5064533, 1529687421.7648761, 1529687425.0145953, 1529687428.2609034, 1529687431.4592452, 1529687434.6630468, 1529687437.9097707, 1529687441.1945574, 1529687444.4261425, 1529687447.699829, 1529687450.9779923, 1529687454.2440388, 1529687457.5091696, 1529687460.7900634, 1529687464.0675986, 1529687467.3109658, 1529687470.617781, 1529687473.8841834, 1529687478.742544, 1529687482.0571256, 1529687485.2966921, 1529687488.5339124, 1529687491.8157096, 1529687495.0970333, 1529687498.3699474, 1529687501.6224525, 1529687504.8812277, 1529687508.1231153, 1529687511.3333719, 1529687514.6017795, 1529687517.9399116, 1529687521.281766, 1529687524.5669312, 1529687527.8745065, 1529687531.1284225, 1529687534.3825247, 1529687537.634845, 1529687540.884893, 1529687544.100025, 1529687547.37198, 1529687550.6857507, 1529687553.9437509, 1529687557.2290776, 1529687560.512473, 1529687563.7661648, 1529687567.0079048, 1529687570.2629132, 1529687573.5476167, 1529687576.862218, 1529687580.1718183, 1529687583.428012, 1529687586.6698627, 1529687589.9266186, 1529687593.1609926], "episode_lengths": [200, 200, 200, 200, 200, 200, 200, 200, 200, 200, 200, 200, 200, 200, 200, 200, 200, 200, 200, 200, 200, 200, 200, 200, 200, 200, 200, 200, 200, 200, 200, 200, 200, 200, 200, 200, 200, 200, 200, 200, 200, 200, 200, 200, 200, 200, 200, 200, 200, 200, 200, 200, 200, 200, 200, 200, 200, 200, 200, 200, 200, 200, 200, 200, 200, 200, 200, 200, 200, 200, 200, 200, 200, 200, 200, 200, 200, 200, 200, 200, 200, 200, 200, 200, 200, 200, 200, 200, 200, 200, 200, 200, 200, 200, 200, 200, 200, 200, 200, 200], "episode_rewards": [-1114.1316837040688, -1798.979080756769, -1244.1464041125166, -1898.9485036825856, -1553.1706642319136, -1043.2609978835217, -1502.3016470145988, -1623.195474470339, -1602.3040183204919, -1535.3211842268308, -1515.1246981414686, -1467.595551072542, -1443.0587937656376, -1613.7524798692116, -1634.412014342519, -1685.9932837360175, -1588.2358055662305, -1380.3831448297833, -1588.9294515894153, -1485.221719239167, -1457.5862548864031, -1449.0735566656956, -1592.7776412162657, -1576.3739742930222, -1378.6797211249761, -1384.12481064067, -1406.7774458422746, -1540.470675808295, -1555.192552212738, -1525.6512255716807, -1540.8587891823136, -1536.517774819248, -1352.417056751919, -1448.3158059983987, -1217.2012830395042, -1432.7576930861799, -1233.0029532084413, -1198.5597629892202, -1259.426692499461, -1507.544843887793, -952.5129107020281, -1555.0486036857956, -868.3272378225671, -918.5835023931188, -828.9656002720058, -916.6508952040662, -1114.8554384968054, -992.6683213674572, -1250.7037254858205, -775.4999278201412, -1394.5840537070724, -1497.5964649421705, -947.8067877668082, -771.0193379549131, -965.2652815134876, -859.3049549649274, -1519.6636357845614, -662.7218793396684, -1589.3840528519756, -791.1739883015406, -683.6433758395001, -832.5847628726735, -1270.7810857765146, -585.3373114029138, -397.44712589702436, -517.9018955763065, -1522.5808006515954, -566.7026811536443, -525.9767321829389, -667.3983919303103, -1569.7167129638956, -6.485946107128913, -394.75222809974224, -650.9965984587628, -394.04703301903004, -829.893765613892, -393.6725527898664, -3.0538755254662586, -401.2161925903956, -133.90057819432357, -687.6889704401883, -263.10639508696903, -134.45153635154048, -1528.8302027552077, -400.9017966385165, -124.49318035624978, -375.4412043647504, -130.1308233919914, -275.25146198078636, -256.7239721790378, -127.69967191813673, -1.2706814339989823, -131.17393728316043, -508.9677036364308, -8.399898011661307, -462.3825798250967, -117.00433096457735, -256.6571647483926, -379.89463662294764, -247.43631916538757], "episode_types": ["t", "t", "t", "t", "t", "t", "t", "t", "t", "t", "t", "t", "t", "t", "t", "t", "t", "t", "t", "t", "t", "t", "t", "t", "t", "t", "t", "t", "t", "t", "t", "t", "t", "t", "t", "t", "t", "t", "t", "t", "t", "t", "t", "t", "t", "t", "t", "t", "t", "t", "t", "t", "t", "t", "t", "t", "t", "t", "t", "t", "t", "t", "t", "t", "t", "t", "t", "t", "t", "t", "t", "t", "t", "t", "t", "t", "t", "t", "t", "t", "t", "t", "t", "t", "t", "t", "t", "t", "t", "t", "t", "t", "t", "t", "t", "t", "t", "t", "t", "t", "t"]}